image_file,severity,pothole_area_ratio,pothole_count
-GRMN4217-351_jpeg_jpg.jpg,0.0518,0.0068,1
-GRMN4217-968_jpeg_jpg.jpg,0.0462,0.0044,1
0001_jpg.jpg,0.3892,0.1184,3
0002_jpg.jpg,0.5796,0.1234,11
0003_jpg.jpg,0.2352,0.0838,1
0004_jpg.jpg,0.2295,0.0664,2
0005_jpg.jpg,0.5401,0.2118,1
0006_jpg.jpg,0.8214,0.5253,3
0007_jpg.jpg,0.4995,0.1198,6
0008_jpg.jpg,0.7857,0.4248,2
0009_jpg.jpg,0.9286,0.4498,6
0010_jpg.jpg,0.5397,0.1517,5
0011_jpg.jpg,0.2253,0.0796,1
0012_jpg.jpg,0.6037,0.2386,1
0013_jpg.jpg,0.7121,0.2691,2
0014_jpg.jpg,0.3198,0.0743,4
0015_jpg.jpg,0.3683,0.1247,2
0016_jpg.jpg,0.4126,0.1133,4
0017_jpg.jpg,0.5196,0.1432,5
0018_jpg.jpg,0.7937,0.2133,17
0019_jpg.jpg,0.248,0.0592,3
001_png_jpg.jpg,0.5249,0.1455,5
0020_jpg.jpg,0.2911,0.1073,1
0021_jpg.jpg,0.75,0.319,1
0022_jpg.jpg,0.3486,0.1314,1
0023_jpg.jpg,0.3185,0.0888,3
0024_jpg.jpg,0.3331,0.0949,3
0025_jpg.jpg,0.5626,0.1763,4
0026_jpg.jpg,0.4717,0.1231,5
0027_jpg.jpg,0.7857,0.4035,2
0028_jpg.jpg,0.6412,0.2393,2
0029_jpg.jpg,0.717,0.2411,4
002_png_jpg.jpg,0.5249,0.1455,5
0030_jpg.jpg,0.3926,0.0449,9
0031_jpg.jpg,0.4289,0.1201,4
0032_jpg.jpg,0.3724,0.1114,3
0033_jpg.jpg,0.6663,0.1899,6
0034_jpg.jpg,0.6037,0.2235,2
0035_jpg.jpg,0.4541,0.1607,2
0036_jpg.jpg,0.2709,0.0388,5
0037_jpg.jpg,0.2148,0.0752,1
0038_jpg.jpg,0.7031,0.2503,3
0039_jpg.jpg,0.5802,0.1987,3
003_png_jpg.jpg,0.5379,0.1509,5
0040_jpg.jpg,0.0667,0.013,1
0041_jpg.jpg,0.2628,0.0654,3
0042_jpg.jpg,0.1317,0.0253,2
0043_jpg.jpg,0.9286,0.3226,6
0044_jpg.jpg,0.5936,0.1743,5
0045_jpg.jpg,0.341,0.0232,10
0046_jpg.jpg,0.1864,0.0633,1
0047_jpg.jpg,0.7857,0.3381,2
0048_jpg.jpg,0.75,0.3121,1
0049_jpg.jpg,0.4921,0.1767,2
004_png_jpg.jpg,0.5267,0.1462,5
0050_jpg.jpg,0.6839,0.2572,2
0051_jpg.jpg,0.4867,0.1744,2
0052_jpg.jpg,0.3485,0.1014,3
0053_jpg.jpg,0.4585,0.0726,10
0054_jpg.jpg,0.7857,0.4147,2
0055_jpg.jpg,0.1456,0.0461,1
0056_jpg.jpg,0.4097,0.1121,4
0057_jpg.jpg,0.3426,0.1289,1
0058_jpg.jpg,0.2429,0.087,1
0059_jpg.jpg,0.3695,0.0952,4
0060_jpg.jpg,0.3215,0.12,1
0061_jpg.jpg,0.9479,0.2781,8
0062_jpg.jpg,0.2,0.054,2
0065_jpg.jpg,0.1142,0.0179,2
0069_jpg.jpg,0.1688,0.0259,3
006_png_jpg.jpg,0.5472,0.1548,5
0073_jpg.jpg,0.4302,0.1657,1
0075_jpg.jpg,0.6191,0.245,1
0080_jpg.jpg,0.75,0.6665,1
0081_jpg.jpg,0.1079,0.0303,1
0083_jpg.jpg,0.0754,0.0167,1
0084_jpg.jpg,0.2816,0.1033,1
0096_jpg.jpg,0.4095,0.082,6
009_png_jpg.jpg,0.5422,0.1527,5
0105_jpg.jpg,0.1954,0.0371,3
0107_jpg.jpg,0.75,0.6282,1
0113_jpg.jpg,0.2859,0.0151,7
0118_jpg.jpg,0.0997,0.0119,2
0124_jpg.jpg,0.0641,0.0119,1
0127_jpg.jpg,0.4386,0.0642,11
0128_jpg.jpg,0.1889,0.0643,1
0129_jpg.jpg,0.2596,0.079,2
0139_jpg.jpg,0.1119,0.032,1
0148_jpg.jpg,0.2345,0.0835,1
0150_jpg.jpg,0.3705,0.0356,8
0151_jpg.jpg,0.1685,0.0108,4
015_png_jpg.jpg,0.472,0.1232,5
0161_jpg.jpg,0.1277,0.0236,2
0162_jpg.jpg,0.5554,0.2032,2
0164_jpg.jpg,0.1655,0.0545,1
0166_jpg.jpg,0.2255,0.0647,2
0173_jpg.jpg,0.8571,0.5921,4
0177_jpg.jpg,0.3747,0.1274,2
0187_jpg.jpg,0.1395,0.0436,1
0190_jpg.jpg,0.7744,0.2952,2
0197_jpg.jpg,0.7857,0.6114,2
0201_jpg.jpg,0.7857,0.4654,2
0202_jpg.jpg,0.3424,0.1138,2
0207_jpg.jpg,0.4469,0.1577,2
0208_jpg.jpg,0.601,0.2374,1
0210_jpg.jpg,0.5289,0.1771,3
0211_jpg.jpg,0.3881,0.133,2
0215_jpg.jpg,0.2353,0.0688,2
0216_jpg.jpg,0.3023,0.112,1
0218_jpg.jpg,0.3609,0.1366,1
0228_jpg.jpg,0.6722,0.2223,4
0231_jpg.jpg,0.5069,0.1679,3
0236_jpg.jpg,0.5094,0.0939,9
0238_jpg.jpg,0.1,0.012,2
0240_jpg.jpg,0.2738,0.07,3
0253_jpg.jpg,0.1809,0.016,4
0254_jpg.jpg,0.75,0.3585,1
0256_jpg.jpg,0.2269,0.0803,1
0259_jpg.jpg,0.5423,0.1828,3
025_png_jpg.jpg,0.3979,0.0771,6
0260_jpg.jpg,0.1697,0.0563,1
0261_jpg.jpg,0.1825,0.0166,4
0264_jpg.jpg,0.7761,0.281,3
0267_jpg.jpg,0.4606,0.1485,3
0270_jpg.jpg,0.4469,0.1727,1
0288_jpg.jpg,0.8214,0.3994,3
028_png_jpg.jpg,0.3907,0.0741,6
0292_jpg.jpg,0.5911,0.2033,3
0293_jpg.jpg,0.7857,0.527,2
0294_jpg.jpg,0.75,0.3693,1
029_png_jpg.jpg,0.3729,0.0666,6
0302_jpg.jpg,0.6708,0.2667,1
0303_jpg.jpg,0.5281,0.1768,3
0305_jpg.jpg,0.3444,0.0996,3
0308_jpg.jpg,0.1501,0.048,1
0309_jpg.jpg,0.7449,0.2829,2
030_png_jpg.jpg,0.3289,0.0632,5
0311_jpg.jpg,0.4912,0.1763,2
0328_jpg.jpg,0.1066,0.0148,2
032_png_jpg.jpg,0.3589,0.0757,5
0332_jpg.jpg,0.75,0.3091,1
0337_jpg.jpg,0.1006,0.0272,1
0345_jpg.jpg,0.3207,0.1197,1
0350_jpg.jpg,0.3015,0.1116,1
0354_jpg.jpg,0.4564,0.1617,2
0365_jpg.jpg,0.0699,0.0144,1
0368_jpg.jpg,0.2814,0.0882,2
036_png_jpg.jpg,0.4025,0.094,5
0371_jpg.jpg,0.5562,0.1136,9
0377_jpg.jpg,0.3945,0.1507,1
0379_jpg.jpg,0.2137,0.0748,1
0380_jpg.jpg,0.231,0.037,4
0384_jpg.jpg,0.6998,0.2789,1
0387_jpg.jpg,0.1583,0.0515,1
0389_jpg.jpg,0.75,0.5051,1
0395_jpg.jpg,0.8929,0.6542,5
0404_jpg.jpg,0.0992,0.0267,1
0407_jpg.jpg,0.75,0.7163,1
0412_jpg.jpg,0.75,0.3403,1
0414_jpg.jpg,0.2238,0.049,3
0418_jpg.jpg,0.2419,0.0866,1
0421_jpg.jpg,0.75,0.4791,1
0423_jpg.jpg,0.1295,0.0394,1
0425_jpg.jpg,0.3552,0.1342,1
0426_jpg.jpg,0.1159,0.0337,1
0428_jpg.jpg,0.2932,0.0782,3
0431_jpg.jpg,0.1514,0.0336,2
0432_jpg.jpg,0.0893,0.0225,1
0435_jpg.jpg,0.3369,0.0815,4
0438_jpg.jpg,0.4488,0.1735,1
043_png_jpg.jpg,0.2854,0.0449,5
0441_jpg.jpg,0.0559,0.0085,1
0444_jpg.jpg,0.3565,0.0597,6
0447_jpg.jpg,0.1724,0.0574,1
0448_jpg.jpg,0.0902,0.0229,1
0455_jpg.jpg,0.1011,0.0275,1
0460_jpg.jpg,0.75,0.8006,1
0462_jpg.jpg,0.0932,0.0241,1
0464_jpg.jpg,0.0724,0.0154,1
0471_jpg.jpg,0.2917,0.0775,3
0476_jpg.jpg,0.3229,0.1206,1
0478_jpg.jpg,0.3623,0.1372,1
047_png_jpg.jpg,0.3041,0.0377,6
0483_jpg.jpg,0.3519,0.1328,1
0486_jpg.jpg,0.1614,0.0078,4
0490_jpg.jpg,0.2785,0.072,3
0491_jpg.jpg,0.3245,0.0763,4
0495_jpg.jpg,0.6576,0.2312,3
0496_jpg.jpg,0.75,0.3287,1
0497_jpg.jpg,0.1465,0.0315,2
0509_jpg.jpg,0.75,0.3987,1
0511_jpg.jpg,0.2111,0.0286,4
0512_jpg.jpg,0.4449,0.1719,1
0517_jpg.jpg,0.2023,0.025,4
0522_jpg.jpg,0.4727,0.1835,1
0531_jpg.jpg,0.2354,0.0239,5
0540_jpg.jpg,0.1502,0.0331,2
0546_jpg.jpg,0.0484,0.0053,1
054_png_jpg.jpg,0.2742,0.0402,5
0550_jpg.jpg,0.7409,0.2962,1
0553_jpg.jpg,0.2939,0.0784,3
0554_jpg.jpg,0.0543,0.0078,1
0561_jpg.jpg,0.1909,0.0502,2
0566_jpg.jpg,0.7857,0.3136,2
0577_jpg.jpg,0.5022,0.1509,4
0579_jpg.jpg,0.2507,0.0903,1
0581_jpg.jpg,0.214,0.0749,1
0606_jpg.jpg,0.75,0.5234,1
0624_jpg.jpg,0.3646,0.1381,1
0626_jpg.jpg,0.0714,0.015,1
0632_jpg.jpg,0.0534,0.0074,1
0641_jpg.jpg,0.4811,0.1721,2
0645_jpg.jpg,0.75,0.5652,1
0648_jpg.jpg,0.3625,0.1072,3
0656_jpg.jpg,0.7857,0.3415,2
0661_jpg.jpg,0.6009,0.2224,2
0676_jpg.jpg,0.2417,0.0865,1
0691_jpg.jpg,0.5136,0.0957,8
0694_jpg.jpg,0.5464,0.1245,7
0701_jpg.jpg,0.3389,0.0973,3
0727_jpg.jpg,0.3394,0.1125,2
0773_jpg.jpg,0.7857,0.3281,2
0799_jpg.jpg,0.2046,0.0709,1
083_png_jpg.jpg,0.6615,0.1578,10
091_png_jpg.jpg,0.8146,0.2221,10
100_jpg.jpg,0.5038,0.1816,2
101_jpg.jpg,0.75,0.7368,1
102_jpg.jpg,0.4778,0.1707,2
103_jpg.jpg,0.1555,0.0503,1
104_jpg.jpg,0.8484,0.2663,6
105_jpg.jpg,0.2463,0.0885,1
106_jpg.jpg,0.0363,0.0003,1
107_jpg.jpg,0.3868,0.1174,3
107_png_jpg.jpg,0.7733,0.2048,11
108_jpg.jpg,0.8214,0.411,3
109_jpg.jpg,0.1537,0.0346,2
111_jpg.jpg,0.2649,0.0812,2
112_jpg.jpg,0.4551,0.1461,3
114_jpg.jpg,0.2649,0.0662,3
115_png_jpg.jpg,0.6555,0.1553,10
116_jpg.jpg,0.6222,0.2313,2
