image_file,source,roboflow_split,n_boxes
-GRMN4217-351_jpeg_jpg.jpg,roboflow_potholes_detection,train,1
-GRMN4217-968_jpeg_jpg.jpg,roboflow_potholes_detection,train,1
0001_jpg.jpg,roboflow_potholes_detection,train,3
0002_jpg.jpg,roboflow_potholes_detection,train,11
0003_jpg.jpg,roboflow_potholes_detection,train,1
0005_jpg.jpg,roboflow_potholes_detection,train,1
0007_jpg.jpg,roboflow_potholes_detection,train,6
0008_jpg.jpg,roboflow_potholes_detection,train,2
0009_jpg.jpg,roboflow_potholes_detection,train,6
0010_jpg.jpg,roboflow_potholes_detection,train,5
0011_jpg.jpg,roboflow_potholes_detection,train,1
0012_jpg.jpg,roboflow_potholes_detection,train,1
0013_jpg.jpg,roboflow_potholes_detection,train,2
0014_jpg.jpg,roboflow_potholes_detection,train,4
0015_jpg.jpg,roboflow_potholes_detection,train,2
0019_jpg.jpg,roboflow_potholes_detection,train,3
001_png_jpg.jpg,roboflow_potholes_detection,train,5
0020_jpg.jpg,roboflow_potholes_detection,train,1
0022_jpg.jpg,roboflow_potholes_detection,train,1
0023_jpg.jpg,roboflow_potholes_detection,train,3
0024_jpg.jpg,roboflow_potholes_detection,train,3
0025_jpg.jpg,roboflow_potholes_detection,train,4
0026_jpg.jpg,roboflow_potholes_detection,train,5
0027_jpg.jpg,roboflow_potholes_detection,train,2
0029_jpg.jpg,roboflow_potholes_detection,train,4
002_png_jpg.jpg,roboflow_potholes_detection,train,5
0030_jpg.jpg,roboflow_potholes_detection,train,9
0032_jpg.jpg,roboflow_potholes_detection,train,3
0033_jpg.jpg,roboflow_potholes_detection,train,6
0036_jpg.jpg,roboflow_potholes_detection,train,5
0037_jpg.jpg,roboflow_potholes_detection,train,1
0038_jpg.jpg,roboflow_potholes_detection,train,3
0039_jpg.jpg,roboflow_potholes_detection,train,3
003_png_jpg.jpg,roboflow_potholes_detection,train,5
0042_jpg.jpg,roboflow_potholes_detection,train,2
0043_jpg.jpg,roboflow_potholes_detection,train,6
0044_jpg.jpg,roboflow_potholes_detection,train,5
0046_jpg.jpg,roboflow_potholes_detection,train,1
0047_jpg.jpg,roboflow_potholes_detection,train,2
0048_jpg.jpg,roboflow_potholes_detection,train,1
0049_jpg.jpg,roboflow_potholes_detection,train,2
004_png_jpg.jpg,roboflow_potholes_detection,train,5
0051_jpg.jpg,roboflow_potholes_detection,train,2
0053_jpg.jpg,roboflow_potholes_detection,train,10
0054_jpg.jpg,roboflow_potholes_detection,train,2
0055_jpg.jpg,roboflow_potholes_detection,train,1
0056_jpg.jpg,roboflow_potholes_detection,train,4
0057_jpg.jpg,roboflow_potholes_detection,train,1
0058_jpg.jpg,roboflow_potholes_detection,train,1
0059_jpg.jpg,roboflow_potholes_detection,train,4
0060_jpg.jpg,roboflow_potholes_detection,train,1
0061_jpg.jpg,roboflow_potholes_detection,train,8
0062_jpg.jpg,roboflow_potholes_detection,train,2
0006_jpg.jpg,roboflow_potholes_detection,valid,3
0016_jpg.jpg,roboflow_potholes_detection,valid,4
0017_jpg.jpg,roboflow_potholes_detection,valid,5
0018_jpg.jpg,roboflow_potholes_detection,valid,17
0021_jpg.jpg,roboflow_potholes_detection,valid,1
0028_jpg.jpg,roboflow_potholes_detection,valid,2
0031_jpg.jpg,roboflow_potholes_detection,valid,4
0034_jpg.jpg,roboflow_potholes_detection,valid,2
0035_jpg.jpg,roboflow_potholes_detection,valid,2
0045_jpg.jpg,roboflow_potholes_detection,valid,10
0050_jpg.jpg,roboflow_potholes_detection,valid,2
0052_jpg.jpg,roboflow_potholes_detection,valid,3
0065_jpg.jpg,roboflow_potholes_detection,valid,2
0069_jpg.jpg,roboflow_potholes_detection,valid,3
006_png_jpg.jpg,roboflow_potholes_detection,valid,5
0073_jpg.jpg,roboflow_potholes_detection,valid,1
0075_jpg.jpg,roboflow_potholes_detection,valid,1
0080_jpg.jpg,roboflow_potholes_detection,valid,1
0083_jpg.jpg,roboflow_potholes_detection,valid,1
0084_jpg.jpg,roboflow_potholes_detection,valid,1
009_png_jpg.jpg,roboflow_potholes_detection,valid,5
0105_jpg.jpg,roboflow_potholes_detection,valid,3
0113_jpg.jpg,roboflow_potholes_detection,valid,7
0124_jpg.jpg,roboflow_potholes_detection,valid,1
0127_jpg.jpg,roboflow_potholes_detection,valid,11
0128_jpg.jpg,roboflow_potholes_detection,valid,1
0139_jpg.jpg,roboflow_potholes_detection,valid,1
0150_jpg.jpg,roboflow_potholes_detection,valid,8
015_png_jpg.jpg,roboflow_potholes_detection,valid,5
0161_jpg.jpg,roboflow_potholes_detection,valid,2
0164_jpg.jpg,roboflow_potholes_detection,valid,1
0173_jpg.jpg,roboflow_potholes_detection,valid,4
0177_jpg.jpg,roboflow_potholes_detection,valid,2
0190_jpg.jpg,roboflow_potholes_detection,valid,2
0197_jpg.jpg,roboflow_potholes_detection,valid,2
0207_jpg.jpg,roboflow_potholes_detection,valid,2
0210_jpg.jpg,roboflow_potholes_detection,valid,3
0211_jpg.jpg,roboflow_potholes_detection,valid,2
0215_jpg.jpg,roboflow_potholes_detection,valid,2
0216_jpg.jpg,roboflow_potholes_detection,valid,1
0218_jpg.jpg,roboflow_potholes_detection,valid,1
0228_jpg.jpg,roboflow_potholes_detection,valid,4
0231_jpg.jpg,roboflow_potholes_detection,valid,3
0236_jpg.jpg,roboflow_potholes_detection,valid,9
0253_jpg.jpg,roboflow_potholes_detection,valid,4
0254_jpg.jpg,roboflow_potholes_detection,valid,1
0256_jpg.jpg,roboflow_potholes_detection,valid,1
025_png_jpg.jpg,roboflow_potholes_detection,valid,6
0260_jpg.jpg,roboflow_potholes_detection,valid,1
0261_jpg.jpg,roboflow_potholes_detection,valid,4
0264_jpg.jpg,roboflow_potholes_detection,valid,3
0267_jpg.jpg,roboflow_potholes_detection,valid,3
0288_jpg.jpg,roboflow_potholes_detection,valid,3
028_png_jpg.jpg,roboflow_potholes_detection,valid,6
0292_jpg.jpg,roboflow_potholes_detection,valid,3
0293_jpg.jpg,roboflow_potholes_detection,valid,2
029_png_jpg.jpg,roboflow_potholes_detection,valid,6
0302_jpg.jpg,roboflow_potholes_detection,valid,1
0303_jpg.jpg,roboflow_potholes_detection,valid,3
0308_jpg.jpg,roboflow_potholes_detection,valid,1
0309_jpg.jpg,roboflow_potholes_detection,valid,2
030_png_jpg.jpg,roboflow_potholes_detection,valid,5
0311_jpg.jpg,roboflow_potholes_detection,valid,2
0332_jpg.jpg,roboflow_potholes_detection,valid,1
0345_jpg.jpg,roboflow_potholes_detection,valid,1
0350_jpg.jpg,roboflow_potholes_detection,valid,1
0354_jpg.jpg,roboflow_potholes_detection,valid,2
0365_jpg.jpg,roboflow_potholes_detection,valid,1
0368_jpg.jpg,roboflow_potholes_detection,valid,2
0371_jpg.jpg,roboflow_potholes_detection,valid,9
0379_jpg.jpg,roboflow_potholes_detection,valid,1
0380_jpg.jpg,roboflow_potholes_detection,valid,4
0384_jpg.jpg,roboflow_potholes_detection,valid,1
0387_jpg.jpg,roboflow_potholes_detection,valid,1
0395_jpg.jpg,roboflow_potholes_detection,valid,5
0404_jpg.jpg,roboflow_potholes_detection,valid,1
0407_jpg.jpg,roboflow_potholes_detection,valid,1
0414_jpg.jpg,roboflow_potholes_detection,valid,3
0418_jpg.jpg,roboflow_potholes_detection,valid,1
0421_jpg.jpg,roboflow_potholes_detection,valid,1
0425_jpg.jpg,roboflow_potholes_detection,valid,1
0428_jpg.jpg,roboflow_potholes_detection,valid,3
0431_jpg.jpg,roboflow_potholes_detection,valid,2
0432_jpg.jpg,roboflow_potholes_detection,valid,1
0438_jpg.jpg,roboflow_potholes_detection,valid,1
0441_jpg.jpg,roboflow_potholes_detection,valid,1
0444_jpg.jpg,roboflow_potholes_detection,valid,6
0448_jpg.jpg,roboflow_potholes_detection,valid,1
0455_jpg.jpg,roboflow_potholes_detection,valid,1
0462_jpg.jpg,roboflow_potholes_detection,valid,1
0464_jpg.jpg,roboflow_potholes_detection,valid,1
0471_jpg.jpg,roboflow_potholes_detection,valid,3
0486_jpg.jpg,roboflow_potholes_detection,valid,4
0490_jpg.jpg,roboflow_potholes_detection,valid,3
0491_jpg.jpg,roboflow_potholes_detection,valid,4
0495_jpg.jpg,roboflow_potholes_detection,valid,3
0496_jpg.jpg,roboflow_potholes_detection,valid,1
0497_jpg.jpg,roboflow_potholes_detection,valid,2
0509_jpg.jpg,roboflow_potholes_detection,valid,1
0512_jpg.jpg,roboflow_potholes_detection,valid,1
0004_jpg.jpg,roboflow_potholes_detection,test,2
0040_jpg.jpg,roboflow_potholes_detection,test,1
0041_jpg.jpg,roboflow_potholes_detection,test,3
0081_jpg.jpg,roboflow_potholes_detection,test,1
0096_jpg.jpg,roboflow_potholes_detection,test,6
0107_jpg.jpg,roboflow_potholes_detection,test,1
0118_jpg.jpg,roboflow_potholes_detection,test,2
0129_jpg.jpg,roboflow_potholes_detection,test,2
0148_jpg.jpg,roboflow_potholes_detection,test,1
0151_jpg.jpg,roboflow_potholes_detection,test,4
0162_jpg.jpg,roboflow_potholes_detection,test,2
0166_jpg.jpg,roboflow_potholes_detection,test,2
0187_jpg.jpg,roboflow_potholes_detection,test,1
0201_jpg.jpg,roboflow_potholes_detection,test,2
0202_jpg.jpg,roboflow_potholes_detection,test,2
0208_jpg.jpg,roboflow_potholes_detection,test,1
0238_jpg.jpg,roboflow_potholes_detection,test,2
0240_jpg.jpg,roboflow_potholes_detection,test,3
0259_jpg.jpg,roboflow_potholes_detection,test,3
0270_jpg.jpg,roboflow_potholes_detection,test,1
0294_jpg.jpg,roboflow_potholes_detection,test,1
0305_jpg.jpg,roboflow_potholes_detection,test,3
0328_jpg.jpg,roboflow_potholes_detection,test,2
032_png_jpg.jpg,roboflow_potholes_detection,test,5
0337_jpg.jpg,roboflow_potholes_detection,test,1
036_png_jpg.jpg,roboflow_potholes_detection,test,5
0377_jpg.jpg,roboflow_potholes_detection,test,1
0389_jpg.jpg,roboflow_potholes_detection,test,1
0412_jpg.jpg,roboflow_potholes_detection,test,1
0423_jpg.jpg,roboflow_potholes_detection,test,1
0426_jpg.jpg,roboflow_potholes_detection,test,1
0435_jpg.jpg,roboflow_potholes_detection,test,4
043_png_jpg.jpg,roboflow_potholes_detection,test,5
0447_jpg.jpg,roboflow_potholes_detection,test,1
0460_jpg.jpg,roboflow_potholes_detection,test,1
0476_jpg.jpg,roboflow_potholes_detection,test,1
0478_jpg.jpg,roboflow_potholes_detection,test,1
047_png_jpg.jpg,roboflow_potholes_detection,test,6
0483_jpg.jpg,roboflow_potholes_detection,test,1
0511_jpg.jpg,roboflow_potholes_detection,test,4
0517_jpg.jpg,roboflow_potholes_detection,test,4
0522_jpg.jpg,roboflow_potholes_detection,test,1
0531_jpg.jpg,roboflow_potholes_detection,test,5
0540_jpg.jpg,roboflow_potholes_detection,test,2
0546_jpg.jpg,roboflow_potholes_detection,test,1
054_png_jpg.jpg,roboflow_potholes_detection,test,5
0550_jpg.jpg,roboflow_potholes_detection,test,1
0553_jpg.jpg,roboflow_potholes_detection,test,3
0554_jpg.jpg,roboflow_potholes_detection,test,1
0561_jpg.jpg,roboflow_potholes_detection,test,2
0566_jpg.jpg,roboflow_potholes_detection,test,2
0577_jpg.jpg,roboflow_potholes_detection,test,4
0579_jpg.jpg,roboflow_potholes_detection,test,1
0581_jpg.jpg,roboflow_potholes_detection,test,1
0606_jpg.jpg,roboflow_potholes_detection,test,1
0624_jpg.jpg,roboflow_potholes_detection,test,1
0626_jpg.jpg,roboflow_potholes_detection,test,1
0632_jpg.jpg,roboflow_potholes_detection,test,1
0641_jpg.jpg,roboflow_potholes_detection,test,2
0645_jpg.jpg,roboflow_potholes_detection,test,1
0648_jpg.jpg,roboflow_potholes_detection,test,3
0656_jpg.jpg,roboflow_potholes_detection,test,2
0661_jpg.jpg,roboflow_potholes_detection,test,2
0676_jpg.jpg,roboflow_potholes_detection,test,1
0691_jpg.jpg,roboflow_potholes_detection,test,8
0694_jpg.jpg,roboflow_potholes_detection,test,7
0701_jpg.jpg,roboflow_potholes_detection,test,3
0727_jpg.jpg,roboflow_potholes_detection,test,2
0773_jpg.jpg,roboflow_potholes_detection,test,2
0799_jpg.jpg,roboflow_potholes_detection,test,1
083_png_jpg.jpg,roboflow_potholes_detection,test,10
091_png_jpg.jpg,roboflow_potholes_detection,test,10
100_jpg.jpg,roboflow_potholes_detection,test,2
101_jpg.jpg,roboflow_potholes_detection,test,1
102_jpg.jpg,roboflow_potholes_detection,test,2
103_jpg.jpg,roboflow_potholes_detection,test,1
104_jpg.jpg,roboflow_potholes_detection,test,6
105_jpg.jpg,roboflow_potholes_detection,test,1
106_jpg.jpg,roboflow_potholes_detection,test,1
107_jpg.jpg,roboflow_potholes_detection,test,3
107_png_jpg.jpg,roboflow_potholes_detection,test,11
108_jpg.jpg,roboflow_potholes_detection,test,3
109_jpg.jpg,roboflow_potholes_detection,test,2
111_jpg.jpg,roboflow_potholes_detection,test,2
112_jpg.jpg,roboflow_potholes_detection,test,3
114_jpg.jpg,roboflow_potholes_detection,test,3
115_png_jpg.jpg,roboflow_potholes_detection,test,10
116_jpg.jpg,roboflow_potholes_detection,test,2
rdd_India_000005.jpg,rdd2022_india,,1
rdd_India_000017.jpg,rdd2022_india,,4
rdd_India_000043.jpg,rdd2022_india,,6
rdd_India_000052.jpg,rdd2022_india,,6
rdd_India_000054.jpg,rdd2022_india,,1
rdd_India_000055.jpg,rdd2022_india,,1
rdd_India_000057.jpg,rdd2022_india,,2
rdd_India_000103.jpg,rdd2022_india,,1
rdd_India_000105.jpg,rdd2022_india,,3
rdd_India_000109.jpg,rdd2022_india,,1
rdd_India_000126.jpg,rdd2022_india,,1
rdd_India_000131.jpg,rdd2022_india,,1
rdd_India_000147.jpg,rdd2022_india,,2
rdd_India_000173.jpg,rdd2022_india,,2
rdd_India_000193.jpg,rdd2022_india,,2
rdd_India_000209.jpg,rdd2022_india,,6
rdd_India_000223.jpg,rdd2022_india,,6
rdd_India_000241.jpg,rdd2022_india,,1
rdd_India_000261.jpg,rdd2022_india,,1
rdd_India_000268.jpg,rdd2022_india,,1
rdd_India_000323.jpg,rdd2022_india,,3
rdd_India_000361.jpg,rdd2022_india,,3
rdd_India_000367.jpg,rdd2022_india,,1
rdd_India_000368.jpg,rdd2022_india,,3
rdd_India_000389.jpg,rdd2022_india,,1
rdd_India_000391.jpg,rdd2022_india,,1
rdd_India_000399.jpg,rdd2022_india,,2
rdd_India_000402.jpg,rdd2022_india,,2
rdd_India_000438.jpg,rdd2022_india,,2
rdd_India_000439.jpg,rdd2022_india,,6
rdd_India_000448.jpg,rdd2022_india,,3
rdd_India_000475.jpg,rdd2022_india,,4
rdd_India_000486.jpg,rdd2022_india,,1
rdd_India_000517.jpg,rdd2022_india,,4
rdd_India_000535.jpg,rdd2022_india,,1
rdd_India_000557.jpg,rdd2022_india,,5
rdd_India_000575.jpg,rdd2022_india,,2
rdd_India_000576.jpg,rdd2022_india,,1
rdd_India_000581.jpg,rdd2022_india,,2
rdd_India_000586.jpg,rdd2022_india,,3
rdd_India_000590.jpg,rdd2022_india,,1
rdd_India_000595.jpg,rdd2022_india,,3
rdd_India_000596.jpg,rdd2022_india,,1
rdd_India_000612.jpg,rdd2022_india,,1
rdd_India_000618.jpg,rdd2022_india,,2
rdd_India_000631.jpg,rdd2022_india,,2
rdd_India_000646.jpg,rdd2022_india,,1
rdd_India_000659.jpg,rdd2022_india,,6
rdd_India_000684.jpg,rdd2022_india,,2
rdd_India_000718.jpg,rdd2022_india,,2
rdd_India_000724.jpg,rdd2022_india,,1
rdd_India_000729.jpg,rdd2022_india,,6
rdd_India_000743.jpg,rdd2022_india,,1
rdd_India_000744.jpg,rdd2022_india,,2
rdd_India_000745.jpg,rdd2022_india,,2
rdd_India_000759.jpg,rdd2022_india,,1
rdd_India_000770.jpg,rdd2022_india,,2
rdd_India_000771.jpg,rdd2022_india,,1
rdd_India_000781.jpg,rdd2022_india,,1
rdd_India_000785.jpg,rdd2022_india,,1
rdd_India_000797.jpg,rdd2022_india,,1
rdd_India_000812.jpg,rdd2022_india,,3
rdd_India_000822.jpg,rdd2022_india,,2
rdd_India_000846.jpg,rdd2022_india,,1
rdd_India_000848.jpg,rdd2022_india,,1
rdd_India_000853.jpg,rdd2022_india,,2
rdd_India_000864.jpg,rdd2022_india,,2
rdd_India_000873.jpg,rdd2022_india,,2
rdd_India_000914.jpg,rdd2022_india,,6
rdd_India_000915.jpg,rdd2022_india,,1
rdd_India_000921.jpg,rdd2022_india,,1
rdd_India_000923.jpg,rdd2022_india,,1
rdd_India_000931.jpg,rdd2022_india,,1
rdd_India_000935.jpg,rdd2022_india,,2
rdd_India_000944.jpg,rdd2022_india,,3
rdd_India_000945.jpg,rdd2022_india,,4
rdd_India_000963.jpg,rdd2022_india,,5
rdd_India_000970.jpg,rdd2022_india,,1
rdd_India_000977.jpg,rdd2022_india,,1
rdd_India_000993.jpg,rdd2022_india,,1
rdd_India_000996.jpg,rdd2022_india,,2
rdd_India_001008.jpg,rdd2022_india,,1
rdd_India_001012.jpg,rdd2022_india,,1
rdd_India_001037.jpg,rdd2022_india,,1
rdd_India_001038.jpg,rdd2022_india,,3
rdd_India_001053.jpg,rdd2022_india,,1
rdd_India_001058.jpg,rdd2022_india,,1
rdd_India_001088.jpg,rdd2022_india,,1
rdd_India_001103.jpg,rdd2022_india,,1
rdd_India_001112.jpg,rdd2022_india,,3
rdd_India_001122.jpg,rdd2022_india,,2
rdd_India_001126.jpg,rdd2022_india,,3
rdd_India_001145.jpg,rdd2022_india,,7
rdd_India_001168.jpg,rdd2022_india,,1
rdd_India_001174.jpg,rdd2022_india,,1
rdd_India_001180.jpg,rdd2022_india,,1
rdd_India_001213.jpg,rdd2022_india,,1
rdd_India_001222.jpg,rdd2022_india,,3
rdd_India_001225.jpg,rdd2022_india,,2
rdd_India_001230.jpg,rdd2022_india,,4
rdd_India_001234.jpg,rdd2022_india,,4
rdd_India_001236.jpg,rdd2022_india,,3
rdd_India_001242.jpg,rdd2022_india,,1
rdd_India_001250.jpg,rdd2022_india,,1
rdd_India_001251.jpg,rdd2022_india,,5
rdd_India_001254.jpg,rdd2022_india,,1
rdd_India_001262.jpg,rdd2022_india,,1
rdd_India_001287.jpg,rdd2022_india,,6
rdd_India_001294.jpg,rdd2022_india,,3
rdd_India_001314.jpg,rdd2022_india,,4
rdd_India_001320.jpg,rdd2022_india,,1
rdd_India_001338.jpg,rdd2022_india,,7
rdd_India_001349.jpg,rdd2022_india,,1
rdd_India_001367.jpg,rdd2022_india,,5
rdd_India_001381.jpg,rdd2022_india,,10
rdd_India_001392.jpg,rdd2022_india,,1
rdd_India_001401.jpg,rdd2022_india,,3
rdd_India_001407.jpg,rdd2022_india,,1
rdd_India_001424.jpg,rdd2022_india,,1
rdd_India_001443.jpg,rdd2022_india,,1
rdd_India_001466.jpg,rdd2022_india,,2
rdd_India_001489.jpg,rdd2022_india,,1
rdd_India_001491.jpg,rdd2022_india,,2
rdd_India_001494.jpg,rdd2022_india,,2
rdd_India_001503.jpg,rdd2022_india,,2
rdd_India_001507.jpg,rdd2022_india,,2
rdd_India_001516.jpg,rdd2022_india,,2
rdd_India_001524.jpg,rdd2022_india,,1
rdd_India_001527.jpg,rdd2022_india,,1
rdd_India_001534.jpg,rdd2022_india,,2
rdd_India_001551.jpg,rdd2022_india,,2
rdd_India_001552.jpg,rdd2022_india,,5
rdd_India_001561.jpg,rdd2022_india,,2
rdd_India_001566.jpg,rdd2022_india,,3
rdd_India_001575.jpg,rdd2022_india,,1
rdd_India_001585.jpg,rdd2022_india,,2
rdd_India_001588.jpg,rdd2022_india,,6
rdd_India_001596.jpg,rdd2022_india,,7
rdd_India_001604.jpg,rdd2022_india,,2
rdd_India_001620.jpg,rdd2022_india,,2
rdd_India_001625.jpg,rdd2022_india,,2
rdd_India_001649.jpg,rdd2022_india,,2
rdd_India_001673.jpg,rdd2022_india,,1
rdd_India_001680.jpg,rdd2022_india,,1
rdd_India_001687.jpg,rdd2022_india,,4
rdd_India_001689.jpg,rdd2022_india,,2
rdd_India_001692.jpg,rdd2022_india,,1
rdd_India_001697.jpg,rdd2022_india,,1
rdd_India_001704.jpg,rdd2022_india,,6
rdd_India_001708.jpg,rdd2022_india,,2
rdd_India_001722.jpg,rdd2022_india,,7
rdd_India_001759.jpg,rdd2022_india,,1
rdd_India_001817.jpg,rdd2022_india,,4
rdd_India_001821.jpg,rdd2022_india,,3
rdd_India_001852.jpg,rdd2022_india,,10
rdd_India_001877.jpg,rdd2022_india,,2
rdd_India_001890.jpg,rdd2022_india,,1
rdd_India_001900.jpg,rdd2022_india,,1
rdd_India_001902.jpg,rdd2022_india,,5
rdd_India_001903.jpg,rdd2022_india,,1
rdd_India_001907.jpg,rdd2022_india,,1
rdd_India_001908.jpg,rdd2022_india,,1
rdd_India_001923.jpg,rdd2022_india,,1
rdd_India_001932.jpg,rdd2022_india,,3
rdd_India_001939.jpg,rdd2022_india,,2
rdd_India_001977.jpg,rdd2022_india,,2
rdd_India_001984.jpg,rdd2022_india,,1
rdd_India_001989.jpg,rdd2022_india,,1
rdd_India_001996.jpg,rdd2022_india,,2
rdd_India_002007.jpg,rdd2022_india,,2
rdd_India_002020.jpg,rdd2022_india,,8
rdd_India_002023.jpg,rdd2022_india,,1
rdd_India_002048.jpg,rdd2022_india,,1
rdd_India_002063.jpg,rdd2022_india,,1
rdd_India_002064.jpg,rdd2022_india,,4
rdd_India_002066.jpg,rdd2022_india,,1
rdd_India_002070.jpg,rdd2022_india,,2
rdd_India_002079.jpg,rdd2022_india,,1
rdd_India_002082.jpg,rdd2022_india,,2
rdd_India_002098.jpg,rdd2022_india,,1
rdd_India_002106.jpg,rdd2022_india,,2
rdd_India_002114.jpg,rdd2022_india,,1
rdd_India_002119.jpg,rdd2022_india,,1
rdd_India_002122.jpg,rdd2022_india,,2
rdd_India_002135.jpg,rdd2022_india,,1
rdd_India_002148.jpg,rdd2022_india,,1
rdd_India_002201.jpg,rdd2022_india,,2
rdd_India_002247.jpg,rdd2022_india,,1
rdd_India_002249.jpg,rdd2022_india,,3
rdd_India_002253.jpg,rdd2022_india,,2
rdd_India_002293.jpg,rdd2022_india,,1
rdd_India_002331.jpg,rdd2022_india,,2
rdd_India_002345.jpg,rdd2022_india,,1
rdd_India_002363.jpg,rdd2022_india,,1
rdd_India_002385.jpg,rdd2022_india,,1
rdd_India_002390.jpg,rdd2022_india,,2
rdd_India_002404.jpg,rdd2022_india,,5
rdd_India_002411.jpg,rdd2022_india,,1
rdd_India_002419.jpg,rdd2022_india,,5
rdd_India_002447.jpg,rdd2022_india,,1
rdd_India_002496.jpg,rdd2022_india,,2
rdd_India_002497.jpg,rdd2022_india,,1
rdd_India_002498.jpg,rdd2022_india,,3
rdd_India_002499.jpg,rdd2022_india,,3
rdd_India_002516.jpg,rdd2022_india,,1
rdd_India_002550.jpg,rdd2022_india,,2
rdd_India_002562.jpg,rdd2022_india,,5
rdd_India_002563.jpg,rdd2022_india,,2
rdd_India_002567.jpg,rdd2022_india,,1
rdd_India_002594.jpg,rdd2022_india,,1
rdd_India_002608.jpg,rdd2022_india,,4
rdd_India_002665.jpg,rdd2022_india,,1
rdd_India_002667.jpg,rdd2022_india,,1
rdd_India_002673.jpg,rdd2022_india,,1
rdd_India_002678.jpg,rdd2022_india,,1
rdd_India_002679.jpg,rdd2022_india,,2
rdd_India_002685.jpg,rdd2022_india,,1
rdd_India_002696.jpg,rdd2022_india,,2
rdd_India_002702.jpg,rdd2022_india,,1
rdd_India_002708.jpg,rdd2022_india,,2
rdd_India_002714.jpg,rdd2022_india,,1
rdd_India_002757.jpg,rdd2022_india,,3
rdd_India_002771.jpg,rdd2022_india,,1
rdd_India_002772.jpg,rdd2022_india,,3
rdd_India_002775.jpg,rdd2022_india,,2
rdd_India_002784.jpg,rdd2022_india,,5
rdd_India_002790.jpg,rdd2022_india,,2
rdd_India_002793.jpg,rdd2022_india,,9
rdd_India_002804.jpg,rdd2022_india,,1
rdd_India_002818.jpg,rdd2022_india,,1
rdd_India_002832.jpg,rdd2022_india,,2
rdd_India_002843.jpg,rdd2022_india,,1
rdd_India_002860.jpg,rdd2022_india,,1
rdd_India_002881.jpg,rdd2022_india,,1
rdd_India_002889.jpg,rdd2022_india,,1
rdd_India_002894.jpg,rdd2022_india,,2
rdd_India_002901.jpg,rdd2022_india,,1
rdd_India_002903.jpg,rdd2022_india,,1
rdd_India_002914.jpg,rdd2022_india,,2
rdd_India_002921.jpg,rdd2022_india,,1
rdd_India_002924.jpg,rdd2022_india,,4
rdd_India_002945.jpg,rdd2022_india,,5
rdd_India_002946.jpg,rdd2022_india,,1
rdd_India_002948.jpg,rdd2022_india,,1
rdd_India_002954.jpg,rdd2022_india,,2
rdd_India_002968.jpg,rdd2022_india,,1
rdd_India_002976.jpg,rdd2022_india,,1
rdd_India_002994.jpg,rdd2022_india,,1
rdd_India_002995.jpg,rdd2022_india,,1
rdd_India_003006.jpg,rdd2022_india,,1
rdd_India_003013.jpg,rdd2022_india,,8
rdd_India_003028.jpg,rdd2022_india,,3
rdd_India_003033.jpg,rdd2022_india,,1
rdd_India_003042.jpg,rdd2022_india,,1
rdd_India_003048.jpg,rdd2022_india,,1
rdd_India_003056.jpg,rdd2022_india,,6
rdd_India_003057.jpg,rdd2022_india,,2
rdd_India_003063.jpg,rdd2022_india,,1
rdd_India_003083.jpg,rdd2022_india,,2
rdd_India_003085.jpg,rdd2022_india,,1
rdd_India_003087.jpg,rdd2022_india,,1
rdd_India_003096.jpg,rdd2022_india,,1
rdd_India_003100.jpg,rdd2022_india,,4
rdd_India_003102.jpg,rdd2022_india,,7
rdd_India_003110.jpg,rdd2022_india,,1
rdd_India_003121.jpg,rdd2022_india,,1
rdd_India_003126.jpg,rdd2022_india,,1
rdd_India_003150.jpg,rdd2022_india,,2
rdd_India_003161.jpg,rdd2022_india,,3
rdd_India_003217.jpg,rdd2022_india,,1
rdd_India_003239.jpg,rdd2022_india,,1
rdd_India_003251.jpg,rdd2022_india,,2
rdd_India_003272.jpg,rdd2022_india,,1
rdd_India_003278.jpg,rdd2022_india,,1
rdd_India_003284.jpg,rdd2022_india,,6
rdd_India_003292.jpg,rdd2022_india,,1
rdd_India_003312.jpg,rdd2022_india,,1
rdd_India_003318.jpg,rdd2022_india,,2
rdd_India_003323.jpg,rdd2022_india,,2
rdd_India_003353.jpg,rdd2022_india,,2
rdd_India_003362.jpg,rdd2022_india,,4
rdd_India_003366.jpg,rdd2022_india,,1
rdd_India_003376.jpg,rdd2022_india,,1
rdd_India_003384.jpg,rdd2022_india,,4
rdd_India_003391.jpg,rdd2022_india,,1
rdd_India_003411.jpg,rdd2022_india,,8
rdd_India_003422.jpg,rdd2022_india,,1
rdd_India_003426.jpg,rdd2022_india,,1
rdd_India_003433.jpg,rdd2022_india,,3
rdd_India_003475.jpg,rdd2022_india,,1
rdd_India_003502.jpg,rdd2022_india,,1
rdd_India_003542.jpg,rdd2022_india,,3
rdd_India_003547.jpg,rdd2022_india,,1
rdd_India_003550.jpg,rdd2022_india,,1
rdd_India_003553.jpg,rdd2022_india,,5
rdd_India_003571.jpg,rdd2022_india,,1
rdd_India_003609.jpg,rdd2022_india,,2
rdd_India_003611.jpg,rdd2022_india,,1
rdd_India_003624.jpg,rdd2022_india,,4
rdd_India_003654.jpg,rdd2022_india,,3
rdd_India_003682.jpg,rdd2022_india,,1
rdd_India_003696.jpg,rdd2022_india,,1
rdd_India_003700.jpg,rdd2022_india,,2
rdd_India_003731.jpg,rdd2022_india,,1
rdd_India_003747.jpg,rdd2022_india,,1
rdd_India_003759.jpg,rdd2022_india,,1
rdd_India_003776.jpg,rdd2022_india,,2
rdd_India_003778.jpg,rdd2022_india,,1
rdd_India_003795.jpg,rdd2022_india,,1
rdd_India_003806.jpg,rdd2022_india,,2
rdd_India_003835.jpg,rdd2022_india,,1
rdd_India_003864.jpg,rdd2022_india,,2
rdd_India_003865.jpg,rdd2022_india,,1
rdd_India_003872.jpg,rdd2022_india,,1
rdd_India_003878.jpg,rdd2022_india,,3
rdd_India_003879.jpg,rdd2022_india,,3
rdd_India_003884.jpg,rdd2022_india,,2
rdd_India_003886.jpg,rdd2022_india,,3
rdd_India_003909.jpg,rdd2022_india,,2
rdd_India_003911.jpg,rdd2022_india,,3
rdd_India_003925.jpg,rdd2022_india,,3
rdd_India_003936.jpg,rdd2022_india,,5
rdd_India_003941.jpg,rdd2022_india,,3
rdd_India_003951.jpg,rdd2022_india,,4
rdd_India_003967.jpg,rdd2022_india,,1
rdd_India_003975.jpg,rdd2022_india,,2
rdd_India_003987.jpg,rdd2022_india,,1
rdd_India_003993.jpg,rdd2022_india,,2
rdd_India_004003.jpg,rdd2022_india,,5
rdd_India_004029.jpg,rdd2022_india,,3
rdd_India_004033.jpg,rdd2022_india,,3
rdd_India_004043.jpg,rdd2022_india,,1
rdd_India_004047.jpg,rdd2022_india,,7
rdd_India_004065.jpg,rdd2022_india,,2
rdd_India_004070.jpg,rdd2022_india,,1
rdd_India_004104.jpg,rdd2022_india,,4
rdd_India_004108.jpg,rdd2022_india,,1
rdd_India_004133.jpg,rdd2022_india,,1
rdd_India_004136.jpg,rdd2022_india,,1
rdd_India_004178.jpg,rdd2022_india,,1
rdd_India_004181.jpg,rdd2022_india,,2
rdd_India_004184.jpg,rdd2022_india,,2
rdd_India_004185.jpg,rdd2022_india,,1
rdd_India_004196.jpg,rdd2022_india,,2
rdd_India_004208.jpg,rdd2022_india,,5
rdd_India_004243.jpg,rdd2022_india,,1
rdd_India_004253.jpg,rdd2022_india,,1
rdd_India_004285.jpg,rdd2022_india,,1
rdd_India_004290.jpg,rdd2022_india,,2
rdd_India_004293.jpg,rdd2022_india,,1
rdd_India_004298.jpg,rdd2022_india,,1
rdd_India_004320.jpg,rdd2022_india,,1
rdd_India_004321.jpg,rdd2022_india,,5
rdd_India_004327.jpg,rdd2022_india,,2
rdd_India_004331.jpg,rdd2022_india,,2
rdd_India_004340.jpg,rdd2022_india,,5
rdd_India_004342.jpg,rdd2022_india,,2
rdd_India_004363.jpg,rdd2022_india,,3
rdd_India_004365.jpg,rdd2022_india,,2
rdd_India_004370.jpg,rdd2022_india,,2
rdd_India_004385.jpg,rdd2022_india,,2
rdd_India_004387.jpg,rdd2022_india,,1
rdd_India_004403.jpg,rdd2022_india,,1
rdd_India_004430.jpg,rdd2022_india,,1
rdd_India_004441.jpg,rdd2022_india,,2
rdd_India_004459.jpg,rdd2022_india,,4
rdd_India_004472.jpg,rdd2022_india,,5
rdd_India_004485.jpg,rdd2022_india,,2
rdd_India_004509.jpg,rdd2022_india,,1
rdd_India_004511.jpg,rdd2022_india,,4
rdd_India_004524.jpg,rdd2022_india,,1
rdd_India_004551.jpg,rdd2022_india,,1
rdd_India_004592.jpg,rdd2022_india,,2
rdd_India_004593.jpg,rdd2022_india,,2
rdd_India_004600.jpg,rdd2022_india,,2
rdd_India_004612.jpg,rdd2022_india,,2
rdd_India_004627.jpg,rdd2022_india,,3
rdd_India_004632.jpg,rdd2022_india,,2
rdd_India_004655.jpg,rdd2022_india,,2
rdd_India_004657.jpg,rdd2022_india,,1
rdd_India_004695.jpg,rdd2022_india,,1
rdd_India_004701.jpg,rdd2022_india,,5
rdd_India_004706.jpg,rdd2022_india,,1
rdd_India_004717.jpg,rdd2022_india,,2
rdd_India_004719.jpg,rdd2022_india,,2
rdd_India_004724.jpg,rdd2022_india,,2
rdd_India_004749.jpg,rdd2022_india,,1
rdd_India_004801.jpg,rdd2022_india,,2
rdd_India_004828.jpg,rdd2022_india,,2
rdd_India_004854.jpg,rdd2022_india,,2
rdd_India_004876.jpg,rdd2022_india,,2
rdd_India_004877.jpg,rdd2022_india,,1
rdd_India_004882.jpg,rdd2022_india,,1
rdd_India_004887.jpg,rdd2022_india,,3
rdd_India_004894.jpg,rdd2022_india,,1
rdd_India_004899.jpg,rdd2022_india,,1
rdd_India_004908.jpg,rdd2022_india,,1
rdd_India_004928.jpg,rdd2022_india,,2
rdd_India_004935.jpg,rdd2022_india,,1
rdd_India_004944.jpg,rdd2022_india,,2
rdd_India_004958.jpg,rdd2022_india,,5
rdd_India_004959.jpg,rdd2022_india,,5
rdd_India_004980.jpg,rdd2022_india,,3
rdd_India_004984.jpg,rdd2022_india,,4
rdd_India_005014.jpg,rdd2022_india,,1
rdd_India_005022.jpg,rdd2022_india,,4
rdd_India_005040.jpg,rdd2022_india,,2
rdd_India_005044.jpg,rdd2022_india,,2
rdd_India_005047.jpg,rdd2022_india,,1
rdd_India_005059.jpg,rdd2022_india,,2
rdd_India_005122.jpg,rdd2022_india,,3
rdd_India_005124.jpg,rdd2022_india,,2
rdd_India_005135.jpg,rdd2022_india,,1
rdd_India_005138.jpg,rdd2022_india,,1
rdd_India_005163.jpg,rdd2022_india,,3
rdd_India_005245.jpg,rdd2022_india,,5
rdd_India_005258.jpg,rdd2022_india,,3
rdd_India_005284.jpg,rdd2022_india,,2
rdd_India_005285.jpg,rdd2022_india,,1
rdd_India_005286.jpg,rdd2022_india,,2
rdd_India_005289.jpg,rdd2022_india,,1
rdd_India_005291.jpg,rdd2022_india,,2
rdd_India_005294.jpg,rdd2022_india,,2
rdd_India_005298.jpg,rdd2022_india,,2
rdd_India_005305.jpg,rdd2022_india,,3
rdd_India_005314.jpg,rdd2022_india,,3
rdd_India_005337.jpg,rdd2022_india,,2
rdd_India_005372.jpg,rdd2022_india,,1
rdd_India_005373.jpg,rdd2022_india,,1
rdd_India_005397.jpg,rdd2022_india,,2
rdd_India_005399.jpg,rdd2022_india,,1
rdd_India_005411.jpg,rdd2022_india,,1
rdd_India_005420.jpg,rdd2022_india,,4
rdd_India_005421.jpg,rdd2022_india,,2
rdd_India_005436.jpg,rdd2022_india,,1
rdd_India_005445.jpg,rdd2022_india,,2
rdd_India_005446.jpg,rdd2022_india,,1
rdd_India_005447.jpg,rdd2022_india,,1
rdd_India_005473.jpg,rdd2022_india,,3
rdd_India_005486.jpg,rdd2022_india,,2
rdd_India_005489.jpg,rdd2022_india,,3
rdd_India_005490.jpg,rdd2022_india,,3
rdd_India_005510.jpg,rdd2022_india,,1
rdd_India_005539.jpg,rdd2022_india,,1
rdd_India_005541.jpg,rdd2022_india,,1
rdd_India_005543.jpg,rdd2022_india,,1
rdd_India_005545.jpg,rdd2022_india,,1
rdd_India_005548.jpg,rdd2022_india,,2
rdd_India_005550.jpg,rdd2022_india,,5
rdd_India_005559.jpg,rdd2022_india,,1
rdd_India_005564.jpg,rdd2022_india,,4
rdd_India_005569.jpg,rdd2022_india,,1
rdd_India_005588.jpg,rdd2022_india,,1
rdd_India_005603.jpg,rdd2022_india,,4
rdd_India_005612.jpg,rdd2022_india,,1
rdd_India_005643.jpg,rdd2022_india,,1
rdd_India_005655.jpg,rdd2022_india,,1
rdd_India_005660.jpg,rdd2022_india,,1
rdd_India_005661.jpg,rdd2022_india,,3
rdd_India_005676.jpg,rdd2022_india,,2
rdd_India_005693.jpg,rdd2022_india,,2
rdd_India_005715.jpg,rdd2022_india,,1
rdd_India_005717.jpg,rdd2022_india,,3
rdd_India_005724.jpg,rdd2022_india,,1
rdd_India_005743.jpg,rdd2022_india,,7
rdd_India_005755.jpg,rdd2022_india,,1
rdd_India_005761.jpg,rdd2022_india,,1
rdd_India_005762.jpg,rdd2022_india,,1
rdd_India_005801.jpg,rdd2022_india,,1
rdd_India_005810.jpg,rdd2022_india,,1
rdd_India_005820.jpg,rdd2022_india,,2
rdd_India_005824.jpg,rdd2022_india,,4
rdd_India_005878.jpg,rdd2022_india,,3
rdd_India_005886.jpg,rdd2022_india,,1
rdd_India_005887.jpg,rdd2022_india,,3
rdd_India_005895.jpg,rdd2022_india,,1
rdd_India_005941.jpg,rdd2022_india,,1
rdd_India_005962.jpg,rdd2022_india,,1
rdd_India_006004.jpg,rdd2022_india,,1
rdd_India_006045.jpg,rdd2022_india,,5
rdd_India_006061.jpg,rdd2022_india,,2
rdd_India_006087.jpg,rdd2022_india,,1
rdd_India_006109.jpg,rdd2022_india,,1
rdd_India_006112.jpg,rdd2022_india,,2
rdd_India_006114.jpg,rdd2022_india,,4
rdd_India_006115.jpg,rdd2022_india,,2
rdd_India_006117.jpg,rdd2022_india,,3
rdd_India_006132.jpg,rdd2022_india,,2
rdd_India_006167.jpg,rdd2022_india,,1
rdd_India_006174.jpg,rdd2022_india,,1
rdd_India_006177.jpg,rdd2022_india,,6
rdd_India_006187.jpg,rdd2022_india,,4
rdd_India_006202.jpg,rdd2022_india,,2
rdd_India_006239.jpg,rdd2022_india,,1
rdd_India_006250.jpg,rdd2022_india,,1
rdd_India_006290.jpg,rdd2022_india,,7
rdd_India_006316.jpg,rdd2022_india,,1
rdd_India_006318.jpg,rdd2022_india,,2
rdd_India_006326.jpg,rdd2022_india,,1
rdd_India_006327.jpg,rdd2022_india,,1
rdd_India_006336.jpg,rdd2022_india,,1
rdd_India_006342.jpg,rdd2022_india,,3
rdd_India_006362.jpg,rdd2022_india,,2
rdd_India_006369.jpg,rdd2022_india,,2
rdd_India_006373.jpg,rdd2022_india,,1
rdd_India_006382.jpg,rdd2022_india,,2
rdd_India_006447.jpg,rdd2022_india,,2
rdd_India_006450.jpg,rdd2022_india,,1
rdd_India_006452.jpg,rdd2022_india,,1
rdd_India_006462.jpg,rdd2022_india,,1
rdd_India_006466.jpg,rdd2022_india,,3
rdd_India_006469.jpg,rdd2022_india,,1
rdd_India_006474.jpg,rdd2022_india,,1
rdd_India_006520.jpg,rdd2022_india,,2
rdd_India_006524.jpg,rdd2022_india,,5
rdd_India_006530.jpg,rdd2022_india,,2
rdd_India_006544.jpg,rdd2022_india,,2
rdd_India_006581.jpg,rdd2022_india,,1
rdd_India_006593.jpg,rdd2022_india,,1
rdd_India_006595.jpg,rdd2022_india,,2
rdd_India_006601.jpg,rdd2022_india,,1
rdd_India_006613.jpg,rdd2022_india,,2
rdd_India_006622.jpg,rdd2022_india,,2
rdd_India_006630.jpg,rdd2022_india,,3
rdd_India_006651.jpg,rdd2022_india,,1
rdd_India_006665.jpg,rdd2022_india,,2
rdd_India_006670.jpg,rdd2022_india,,1
rdd_India_006673.jpg,rdd2022_india,,3
rdd_India_006677.jpg,rdd2022_india,,1
rdd_India_006691.jpg,rdd2022_india,,4
rdd_India_006699.jpg,rdd2022_india,,2
rdd_India_006702.jpg,rdd2022_india,,1
rdd_India_006707.jpg,rdd2022_india,,6
rdd_India_006714.jpg,rdd2022_india,,1
rdd_India_006760.jpg,rdd2022_india,,1
rdd_India_006767.jpg,rdd2022_india,,3
rdd_India_006768.jpg,rdd2022_india,,5
rdd_India_006808.jpg,rdd2022_india,,1
rdd_India_006873.jpg,rdd2022_india,,1
rdd_India_006874.jpg,rdd2022_india,,1
rdd_India_006883.jpg,rdd2022_india,,2
rdd_India_006896.jpg,rdd2022_india,,1
rdd_India_006899.jpg,rdd2022_india,,1
rdd_India_006910.jpg,rdd2022_india,,2
rdd_India_006912.jpg,rdd2022_india,,4
rdd_India_006933.jpg,rdd2022_india,,3
rdd_India_006945.jpg,rdd2022_india,,2
rdd_India_006953.jpg,rdd2022_india,,1
rdd_India_006967.jpg,rdd2022_india,,2
rdd_India_006970.jpg,rdd2022_india,,3
rdd_India_006977.jpg,rdd2022_india,,5
rdd_India_006998.jpg,rdd2022_india,,1
rdd_India_006999.jpg,rdd2022_india,,3
rdd_India_007000.jpg,rdd2022_india,,1
rdd_India_007007.jpg,rdd2022_india,,1
rdd_India_007034.jpg,rdd2022_india,,1
rdd_India_007042.jpg,rdd2022_india,,3
rdd_India_007051.jpg,rdd2022_india,,1
rdd_India_007101.jpg,rdd2022_india,,2
rdd_India_007105.jpg,rdd2022_india,,1
rdd_India_007123.jpg,rdd2022_india,,2
rdd_India_007147.jpg,rdd2022_india,,7
rdd_India_007153.jpg,rdd2022_india,,1
rdd_India_007155.jpg,rdd2022_india,,1
rdd_India_007172.jpg,rdd2022_india,,1
rdd_India_007189.jpg,rdd2022_india,,2
rdd_India_007198.jpg,rdd2022_india,,1
rdd_India_007204.jpg,rdd2022_india,,3
rdd_India_007211.jpg,rdd2022_india,,2
rdd_India_007240.jpg,rdd2022_india,,1
rdd_India_007246.jpg,rdd2022_india,,1
rdd_India_007259.jpg,rdd2022_india,,4
rdd_India_007291.jpg,rdd2022_india,,1
rdd_India_007299.jpg,rdd2022_india,,3
rdd_India_007308.jpg,rdd2022_india,,4
rdd_India_007310.jpg,rdd2022_india,,1
rdd_India_007321.jpg,rdd2022_india,,1
rdd_India_007322.jpg,rdd2022_india,,1
rdd_India_007327.jpg,rdd2022_india,,1
rdd_India_007329.jpg,rdd2022_india,,2
rdd_India_007342.jpg,rdd2022_india,,1
rdd_India_007343.jpg,rdd2022_india,,5
rdd_India_007357.jpg,rdd2022_india,,1
rdd_India_007362.jpg,rdd2022_india,,5
rdd_India_007363.jpg,rdd2022_india,,2
rdd_India_007371.jpg,rdd2022_india,,1
rdd_India_007383.jpg,rdd2022_india,,1
rdd_India_007390.jpg,rdd2022_india,,1
rdd_India_007399.jpg,rdd2022_india,,1
rdd_India_007420.jpg,rdd2022_india,,3
rdd_India_007450.jpg,rdd2022_india,,1
rdd_India_007464.jpg,rdd2022_india,,1
rdd_India_007484.jpg,rdd2022_india,,1
rdd_India_007491.jpg,rdd2022_india,,2
rdd_India_007529.jpg,rdd2022_india,,1
rdd_India_007537.jpg,rdd2022_india,,1
rdd_India_007555.jpg,rdd2022_india,,3
rdd_India_007579.jpg,rdd2022_india,,3
rdd_India_007584.jpg,rdd2022_india,,1
rdd_India_007604.jpg,rdd2022_india,,3
rdd_India_007616.jpg,rdd2022_india,,2
rdd_India_007627.jpg,rdd2022_india,,1
rdd_India_007629.jpg,rdd2022_india,,1
rdd_India_007642.jpg,rdd2022_india,,1
rdd_India_007647.jpg,rdd2022_india,,2
rdd_India_007651.jpg,rdd2022_india,,2
rdd_India_007658.jpg,rdd2022_india,,1
rdd_India_007672.jpg,rdd2022_india,,1
rdd_India_007699.jpg,rdd2022_india,,3
rdd_India_007706.jpg,rdd2022_india,,2
rdd_India_007707.jpg,rdd2022_india,,1
rdd_India_007713.jpg,rdd2022_india,,3
rdd_India_007722.jpg,rdd2022_india,,1
rdd_India_007723.jpg,rdd2022_india,,3
rdd_India_007737.jpg,rdd2022_india,,1
rdd_India_007740.jpg,rdd2022_india,,1
rdd_India_007745.jpg,rdd2022_india,,1
rdd_India_007749.jpg,rdd2022_india,,6
rdd_India_007766.jpg,rdd2022_india,,6
rdd_India_007782.jpg,rdd2022_india,,1
rdd_India_007785.jpg,rdd2022_india,,3
rdd_India_007791.jpg,rdd2022_india,,3
rdd_India_007801.jpg,rdd2022_india,,5
rdd_India_007806.jpg,rdd2022_india,,3
rdd_India_007852.jpg,rdd2022_india,,4
rdd_India_007861.jpg,rdd2022_india,,2
rdd_India_007863.jpg,rdd2022_india,,2
rdd_India_007915.jpg,rdd2022_india,,3
rdd_India_007917.jpg,rdd2022_india,,3
rdd_India_007943.jpg,rdd2022_india,,1
rdd_India_007946.jpg,rdd2022_india,,1
rdd_India_007954.jpg,rdd2022_india,,1
rdd_India_007955.jpg,rdd2022_india,,1
rdd_India_007974.jpg,rdd2022_india,,3
rdd_India_007981.jpg,rdd2022_india,,1
rdd_India_007989.jpg,rdd2022_india,,1
rdd_India_007991.jpg,rdd2022_india,,2
rdd_India_007998.jpg,rdd2022_india,,4
rdd_India_008004.jpg,rdd2022_india,,3
rdd_India_008015.jpg,rdd2022_india,,1
rdd_India_008016.jpg,rdd2022_india,,1
rdd_India_008022.jpg,rdd2022_india,,4
rdd_India_008029.jpg,rdd2022_india,,2
rdd_India_008034.jpg,rdd2022_india,,2
rdd_India_008064.jpg,rdd2022_india,,1
rdd_India_008070.jpg,rdd2022_india,,1
rdd_India_008084.jpg,rdd2022_india,,1
rdd_India_008094.jpg,rdd2022_india,,5
rdd_India_008134.jpg,rdd2022_india,,2
rdd_India_008139.jpg,rdd2022_india,,4
rdd_India_008142.jpg,rdd2022_india,,1
rdd_India_008157.jpg,rdd2022_india,,3
rdd_India_008188.jpg,rdd2022_india,,1
rdd_India_008207.jpg,rdd2022_india,,1
rdd_India_008209.jpg,rdd2022_india,,2
rdd_India_008223.jpg,rdd2022_india,,2
rdd_India_008226.jpg,rdd2022_india,,1
rdd_India_008233.jpg,rdd2022_india,,6
rdd_India_008241.jpg,rdd2022_india,,3
rdd_India_008249.jpg,rdd2022_india,,1
rdd_India_008263.jpg,rdd2022_india,,3
rdd_India_008271.jpg,rdd2022_india,,1
rdd_India_008282.jpg,rdd2022_india,,1
rdd_India_008285.jpg,rdd2022_india,,3
rdd_India_008297.jpg,rdd2022_india,,3
rdd_India_008301.jpg,rdd2022_india,,2
rdd_India_008304.jpg,rdd2022_india,,1
rdd_India_008308.jpg,rdd2022_india,,1
rdd_India_008327.jpg,rdd2022_india,,1
rdd_India_008336.jpg,rdd2022_india,,1
rdd_India_008339.jpg,rdd2022_india,,1
rdd_India_008386.jpg,rdd2022_india,,1
rdd_India_008390.jpg,rdd2022_india,,2
rdd_India_008400.jpg,rdd2022_india,,1
rdd_India_008416.jpg,rdd2022_india,,5
rdd_India_008421.jpg,rdd2022_india,,1
rdd_India_008446.jpg,rdd2022_india,,1
rdd_India_008458.jpg,rdd2022_india,,2
rdd_India_008465.jpg,rdd2022_india,,1
rdd_India_008471.jpg,rdd2022_india,,1
rdd_India_008479.jpg,rdd2022_india,,1
rdd_India_008505.jpg,rdd2022_india,,1
rdd_India_008511.jpg,rdd2022_india,,1
rdd_India_008523.jpg,rdd2022_india,,2
rdd_India_008544.jpg,rdd2022_india,,1
rdd_India_008557.jpg,rdd2022_india,,1
rdd_India_008569.jpg,rdd2022_india,,1
rdd_India_008572.jpg,rdd2022_india,,1
rdd_India_008576.jpg,rdd2022_india,,4
rdd_India_008609.jpg,rdd2022_india,,3
rdd_India_008618.jpg,rdd2022_india,,1
rdd_India_008627.jpg,rdd2022_india,,2
rdd_India_008632.jpg,rdd2022_india,,2
rdd_India_008670.jpg,rdd2022_india,,3
rdd_India_008676.jpg,rdd2022_india,,2
rdd_India_008682.jpg,rdd2022_india,,3
rdd_India_008694.jpg,rdd2022_india,,6
rdd_India_008703.jpg,rdd2022_india,,3
rdd_India_008712.jpg,rdd2022_india,,2
rdd_India_008726.jpg,rdd2022_india,,1
rdd_India_008728.jpg,rdd2022_india,,3
rdd_India_008772.jpg,rdd2022_india,,1
rdd_India_008789.jpg,rdd2022_india,,1
rdd_India_008807.jpg,rdd2022_india,,1
rdd_India_008821.jpg,rdd2022_india,,2
rdd_India_008867.jpg,rdd2022_india,,3
rdd_India_008870.jpg,rdd2022_india,,1
rdd_India_008872.jpg,rdd2022_india,,3
rdd_India_008881.jpg,rdd2022_india,,4
rdd_India_008925.jpg,rdd2022_india,,1
rdd_India_008926.jpg,rdd2022_india,,1
rdd_India_008927.jpg,rdd2022_india,,3
rdd_India_008948.jpg,rdd2022_india,,2
rdd_India_008950.jpg,rdd2022_india,,2
rdd_India_008953.jpg,rdd2022_india,,3
rdd_India_008957.jpg,rdd2022_india,,4
rdd_India_008963.jpg,rdd2022_india,,1
rdd_India_008969.jpg,rdd2022_india,,1
rdd_India_008971.jpg,rdd2022_india,,3
rdd_India_008984.jpg,rdd2022_india,,2
rdd_India_008991.jpg,rdd2022_india,,1
rdd_India_009009.jpg,rdd2022_india,,6
rdd_India_009011.jpg,rdd2022_india,,1
rdd_India_009017.jpg,rdd2022_india,,3
rdd_India_009023.jpg,rdd2022_india,,3
rdd_India_009041.jpg,rdd2022_india,,4
rdd_India_009051.jpg,rdd2022_india,,6
rdd_India_009054.jpg,rdd2022_india,,1
rdd_India_009100.jpg,rdd2022_india,,1
rdd_India_009117.jpg,rdd2022_india,,5
rdd_India_009122.jpg,rdd2022_india,,1
rdd_India_009123.jpg,rdd2022_india,,2
rdd_India_009129.jpg,rdd2022_india,,3
rdd_India_009131.jpg,rdd2022_india,,3
rdd_India_009144.jpg,rdd2022_india,,1
rdd_India_009148.jpg,rdd2022_india,,5
rdd_India_009151.jpg,rdd2022_india,,1
rdd_India_009163.jpg,rdd2022_india,,1
rdd_India_009173.jpg,rdd2022_india,,2
rdd_India_009205.jpg,rdd2022_india,,1
rdd_India_009213.jpg,rdd2022_india,,5
rdd_India_009221.jpg,rdd2022_india,,1
rdd_India_009225.jpg,rdd2022_india,,5
rdd_India_009245.jpg,rdd2022_india,,1
rdd_India_009251.jpg,rdd2022_india,,2
rdd_India_009254.jpg,rdd2022_india,,4
rdd_India_009268.jpg,rdd2022_india,,3
rdd_India_009272.jpg,rdd2022_india,,1
rdd_India_009279.jpg,rdd2022_india,,2
rdd_India_009287.jpg,rdd2022_india,,1
rdd_India_009303.jpg,rdd2022_india,,1
rdd_India_009311.jpg,rdd2022_india,,1
rdd_India_009317.jpg,rdd2022_india,,1
rdd_India_009329.jpg,rdd2022_india,,1
rdd_India_009359.jpg,rdd2022_india,,1
rdd_India_009376.jpg,rdd2022_india,,2
rdd_India_009389.jpg,rdd2022_india,,3
rdd_India_009392.jpg,rdd2022_india,,1
rdd_India_009397.jpg,rdd2022_india,,1
rdd_India_009426.jpg,rdd2022_india,,1
rdd_India_009434.jpg,rdd2022_india,,3
rdd_India_009435.jpg,rdd2022_india,,1
rdd_India_009441.jpg,rdd2022_india,,2
rdd_India_009458.jpg,rdd2022_india,,1
rdd_India_009478.jpg,rdd2022_india,,1
rdd_India_009517.jpg,rdd2022_india,,2
rdd_India_009526.jpg,rdd2022_india,,1
rdd_India_009536.jpg,rdd2022_india,,3
rdd_India_009544.jpg,rdd2022_india,,2
rdd_India_009553.jpg,rdd2022_india,,2
rdd_India_009564.jpg,rdd2022_india,,1
rdd_India_009573.jpg,rdd2022_india,,1
rdd_India_009579.jpg,rdd2022_india,,1
rdd_India_009581.jpg,rdd2022_india,,1
rdd_India_009586.jpg,rdd2022_india,,3
rdd_India_009612.jpg,rdd2022_india,,3
rdd_India_009619.jpg,rdd2022_india,,2
rdd_India_009630.jpg,rdd2022_india,,1
rdd_India_009640.jpg,rdd2022_india,,1
rdd_India_009663.jpg,rdd2022_india,,2
rdd_India_009679.jpg,rdd2022_india,,1
rdd_India_009688.jpg,rdd2022_india,,1
rdd_India_009691.jpg,rdd2022_india,,2
rdd_India_009723.jpg,rdd2022_india,,1
rdd_India_009725.jpg,rdd2022_india,,2
rdd_India_009734.jpg,rdd2022_india,,3
rdd_India_009748.jpg,rdd2022_india,,3
rdd_India_009752.jpg,rdd2022_india,,1
rdd_India_009763.jpg,rdd2022_india,,1
rdd_India_009782.jpg,rdd2022_india,,1
rdd_India_009785.jpg,rdd2022_india,,1
rdd_India_009794.jpg,rdd2022_india,,3
rdd_India_009813.jpg,rdd2022_india,,1
rdd_India_009817.jpg,rdd2022_india,,3
rdd_India_009826.jpg,rdd2022_india,,1
rdd_India_009830.jpg,rdd2022_india,,1
rdd_India_009836.jpg,rdd2022_india,,1
rdd_India_009856.jpg,rdd2022_india,,8
rdd_India_009869.jpg,rdd2022_india,,1
rdd_India_009881.jpg,rdd2022_india,,3
